dt,AverageTemperature,AverageTemperatureUncertainty,State,Country
1855-05-01,25.544,1.171,Acre,Brazil
1855-06-01,24.228,1.103,Acre,Brazil
1855-07-01,24.371,1.044,Acre,Brazil
1855-08-01,25.427,1.073,Acre,Brazil
1855-09-01,25.675,1.014,Acre,Brazil
1855-10-01,25.441999999999997,1.179,Acre,Brazil
1855-11-01,25.4,1.064,Acre,Brazil
1855-12-01,24.1,1.7180000000000002,Acre,Brazil
1856-01-01,25.814,1.159,Acre,Brazil
1856-02-01,24.658,1.147,Acre,Brazil
1856-03-01,24.659000000000002,1.547,Acre,Brazil
1856-04-01,24.906999999999996,1.186,Acre,Brazil
1856-05-01,24.418000000000003,1.168,Acre,Brazil
1856-06-01,24.93,1.355,Acre,Brazil
1856-07-01,,,Acre,Brazil
1856-08-01,24.615,1.053,Acre,Brazil
1856-09-01,25.15,1.093,Acre,Brazil
1856-10-01,25.195999999999998,1.048,Acre,Brazil
1856-11-01,25.441,1.102,Acre,Brazil
1856-12-01,25.362,1.382,Acre,Brazil
1857-01-01,,,Acre,Brazil
1857-02-01,,,Acre,Brazil
1857-03-01,,,Acre,Brazil
1857-04-01,,,Acre,Brazil
1857-05-01,,,Acre,Brazil
1857-06-01,,,Acre,Brazil
1857-07-01,,,Acre,Brazil
1857-08-01,,,Acre,Brazil
1857-09-01,,,Acre,Brazil
1857-10-01,,,Acre,Brazil
1857-11-01,,,Acre,Brazil
1857-12-01,,,Acre,Brazil
1858-01-01,,,Acre,Brazil
1858-02-01,,,Acre,Brazil
1858-03-01,,,Acre,Brazil
1858-04-01,,,Acre,Brazil
1858-05-01,,,Acre,Brazil
1858-06-01,,,Acre,Brazil
1858-07-01,,,Acre,Brazil
1858-08-01,,,Acre,Brazil
1858-09-01,,,Acre,Brazil
1858-10-01,,,Acre,Brazil
1858-11-01,,,Acre,Brazil
1858-12-01,,,Acre,Brazil
1859-01-01,,,Acre,Brazil
1859-02-01,,,Acre,Brazil
1859-03-01,,,Acre,Brazil
1859-04-01,,,Acre,Brazil
1859-05-01,,,Acre,Brazil
1859-06-01,,,Acre,Brazil
1859-07-01,,,Acre,Brazil
1859-08-01,,,Acre,Brazil
1859-09-01,,,Acre,Brazil
1859-10-01,,,Acre,Brazil
1859-11-01,,,Acre,Brazil
1859-12-01,,,Acre,Brazil
1860-01-01,,,Acre,Brazil
1860-02-01,,,Acre,Brazil
1860-03-01,,,Acre,Brazil
1860-04-01,,,Acre,Brazil
1860-05-01,,,Acre,Brazil
1860-06-01,,,Acre,Brazil
1860-07-01,,,Acre,Brazil
1860-08-01,,,Acre,Brazil
1860-09-01,,,Acre,Brazil
1860-10-01,,,Acre,Brazil
1860-11-01,,,Acre,Brazil
1860-12-01,,,Acre,Brazil
1861-01-01,,,Acre,Brazil
1861-02-01,,,Acre,Brazil
1861-03-01,,,Acre,Brazil
1861-04-01,,,Acre,Brazil
1861-05-01,,,Acre,Brazil
1861-06-01,,,Acre,Brazil
1861-07-01,,,Acre,Brazil
1861-08-01,,,Acre,Brazil
1861-09-01,,,Acre,Brazil
1861-10-01,,,Acre,Brazil
1861-11-01,,,Acre,Brazil
1861-12-01,,,Acre,Brazil
1862-01-01,,,Acre,Brazil
1862-02-01,,,Acre,Brazil
1862-03-01,,,Acre,Brazil
1862-04-01,,,Acre,Brazil
1862-05-01,,,Acre,Brazil
1862-06-01,,,Acre,Brazil
1862-07-01,,,Acre,Brazil
1862-08-01,,,Acre,Brazil
1862-09-01,,,Acre,Brazil
1862-10-01,,,Acre,Brazil
1862-11-01,,,Acre,Brazil
1862-12-01,,,Acre,Brazil
1863-01-01,,,Acre,Brazil
1863-02-01,,,Acre,Brazil
1863-03-01,,,Acre,Brazil
1863-04-01,,,Acre,Brazil
1863-05-01,,,Acre,Brazil
1863-06-01,,,Acre,Brazil
1863-07-01,,,Acre,Brazil
1863-08-01,,,Acre,Brazil
1863-09-01,,,Acre,Brazil
1863-10-01,,,Acre,Brazil
1863-11-01,,,Acre,Brazil
1863-12-01,,,Acre,Brazil
1864-01-01,,,Acre,Brazil
1864-02-01,,,Acre,Brazil
1864-03-01,,,Acre,Brazil
1864-04-01,,,Acre,Brazil
1864-05-01,,,Acre,Brazil
1864-06-01,,,Acre,Brazil
1864-07-01,,,Acre,Brazil
1864-08-01,,,Acre,Brazil
1864-09-01,,,Acre,Brazil
1864-10-01,,,Acre,Brazil
1864-11-01,,,Acre,Brazil
1864-12-01,,,Acre,Brazil
1865-01-01,,,Acre,Brazil
1865-02-01,,,Acre,Brazil
1865-03-01,,,Acre,Brazil
1865-04-01,,,Acre,Brazil
1865-05-01,,,Acre,Brazil
1865-06-01,,,Acre,Brazil
1865-07-01,,,Acre,Brazil
1865-08-01,,,Acre,Brazil
1865-09-01,,,Acre,Brazil
1865-10-01,,,Acre,Brazil
1865-11-01,,,Acre,Brazil
1865-12-01,,,Acre,Brazil
1866-01-01,,,Acre,Brazil
1866-02-01,,,Acre,Brazil
1866-03-01,,,Acre,Brazil
1866-04-01,,,Acre,Brazil
1866-05-01,,,Acre,Brazil
1866-06-01,,,Acre,Brazil
1866-07-01,,,Acre,Brazil
1866-08-01,,,Acre,Brazil
1866-09-01,,,Acre,Brazil
1866-10-01,,,Acre,Brazil
1866-11-01,,,Acre,Brazil
1866-12-01,,,Acre,Brazil
1867-01-01,,,Acre,Brazil
1867-02-01,,,Acre,Brazil
1867-03-01,,,Acre,Brazil
1867-04-01,,,Acre,Brazil
1867-05-01,,,Acre,Brazil
1867-06-01,,,Acre,Brazil
1867-07-01,,,Acre,Brazil
1867-08-01,,,Acre,Brazil
1867-09-01,,,Acre,Brazil
1867-10-01,,,Acre,Brazil
1867-11-01,,,Acre,Brazil
1867-12-01,,,Acre,Brazil
1868-01-01,,,Acre,Brazil
1868-02-01,,,Acre,Brazil
1868-03-01,,,Acre,Brazil
1868-04-01,,,Acre,Brazil
1868-05-01,,,Acre,Brazil
1868-06-01,,,Acre,Brazil
1868-07-01,,,Acre,Brazil
1868-08-01,,,Acre,Brazil
1868-09-01,,,Acre,Brazil
1868-10-01,,,Acre,Brazil
1868-11-01,,,Acre,Brazil
1868-12-01,,,Acre,Brazil
1869-01-01,,,Acre,Brazil
1869-02-01,,,Acre,Brazil
1869-03-01,,,Acre,Brazil
1869-04-01,,,Acre,Brazil
1869-05-01,,,Acre,Brazil
1869-06-01,,,Acre,Brazil
1869-07-01,,,Acre,Brazil
1869-08-01,,,Acre,Brazil
1869-09-01,,,Acre,Brazil
1869-10-01,,,Acre,Brazil
1869-11-01,,,Acre,Brazil
1869-12-01,,,Acre,Brazil
1870-01-01,,,Acre,Brazil
1870-02-01,,,Acre,Brazil
1870-03-01,,,Acre,Brazil
1870-04-01,,,Acre,Brazil
1870-05-01,,,Acre,Brazil
1870-06-01,,,Acre,Brazil
1870-07-01,,,Acre,Brazil
1870-08-01,,,Acre,Brazil
1870-09-01,,,Acre,Brazil
1870-10-01,,,Acre,Brazil
1870-11-01,,,Acre,Brazil
1870-12-01,,,Acre,Brazil
1871-01-01,,,Acre,Brazil
1871-02-01,,,Acre,Brazil
1871-03-01,,,Acre,Brazil
1871-04-01,,,Acre,Brazil
1871-05-01,,,Acre,Brazil
1871-06-01,,,Acre,Brazil
1871-07-01,,,Acre,Brazil
1871-08-01,,,Acre,Brazil
1871-09-01,,,Acre,Brazil
1871-10-01,,,Acre,Brazil
1871-11-01,,,Acre,Brazil
1871-12-01,,,Acre,Brazil
1872-01-01,,,Acre,Brazil
1872-02-01,,,Acre,Brazil
1872-03-01,,,Acre,Brazil
1872-04-01,,,Acre,Brazil
1872-05-01,,,Acre,Brazil
1872-06-01,,,Acre,Brazil
1872-07-01,,,Acre,Brazil
1872-08-01,,,Acre,Brazil
1872-09-01,,,Acre,Brazil
1872-10-01,,,Acre,Brazil
1872-11-01,,,Acre,Brazil
1872-12-01,,,Acre,Brazil
1873-01-01,25.725,1.148,Acre,Brazil
1873-02-01,26.052,1.364,Acre,Brazil
1873-03-01,25.462,1.097,Acre,Brazil
1873-04-01,25.463,1.513,Acre,Brazil
1873-05-01,25.733,1.347,Acre,Brazil
1873-06-01,25.318,1.52,Acre,Brazil
1873-07-01,24.956,1.102,Acre,Brazil
1873-08-01,25.936,1.19,Acre,Brazil
1873-09-01,26.32,1.307,Acre,Brazil
1873-10-01,,,Acre,Brazil
1873-11-01,,,Acre,Brazil
1873-12-01,,,Acre,Brazil
1874-01-01,25.695999999999998,1.4369999999999998,Acre,Brazil
1874-02-01,25.776999999999997,1.216,Acre,Brazil
1874-03-01,24.512,1.1909999999999998,Acre,Brazil
1874-04-01,25.34,1.222,Acre,Brazil
1874-05-01,25.217,1.041,Acre,Brazil
1874-06-01,,,Acre,Brazil
1874-07-01,25.022,1.3090000000000002,Acre,Brazil
1874-08-01,25.594,1.115,Acre,Brazil
1874-09-01,26.313000000000002,1.149,Acre,Brazil
1874-10-01,26.184,1.071,Acre,Brazil
1874-11-01,25.579,1.077,Acre,Brazil
1874-12-01,25.439,1.163,Acre,Brazil
1875-01-01,25.263,1.168,Acre,Brazil
1875-02-01,25.235,1.167,Acre,Brazil
1875-03-01,24.946,1.168,Acre,Brazil
1875-04-01,24.943,1.131,Acre,Brazil
1875-05-01,24.688000000000002,1.182,Acre,Brazil
1875-06-01,23.995,1.666,Acre,Brazil
1875-07-01,24.534000000000002,1.1,Acre,Brazil
1875-08-01,24.816,1.13,Acre,Brazil
1875-09-01,25.328000000000003,1.065,Acre,Brazil
1875-10-01,25.645,1.161,Acre,Brazil
1875-11-01,24.972,1.155,Acre,Brazil
1875-12-01,25.06,1.044,Acre,Brazil
1876-01-01,,,Acre,Brazil
1876-02-01,,,Acre,Brazil
1876-03-01,,,Acre,Brazil
1876-04-01,,,Acre,Brazil
1876-05-01,,,Acre,Brazil
1876-06-01,,,Acre,Brazil
1876-07-01,,,Acre,Brazil
1876-08-01,,,Acre,Brazil
1876-09-01,,,Acre,Brazil
1876-10-01,,,Acre,Brazil
1876-11-01,,,Acre,Brazil
1876-12-01,,,Acre,Brazil
1877-01-01,,,Acre,Brazil
1877-02-01,,,Acre,Brazil
1877-03-01,,,Acre,Brazil
1877-04-01,,,Acre,Brazil
1877-05-01,,,Acre,Brazil
1877-06-01,,,Acre,Brazil
1877-07-01,,,Acre,Brazil
1877-08-01,,,Acre,Brazil
1877-09-01,,,Acre,Brazil
1877-10-01,,,Acre,Brazil
1877-11-01,,,Acre,Brazil
1877-12-01,,,Acre,Brazil
1878-01-01,,,Acre,Brazil
1878-02-01,,,Acre,Brazil
1878-03-01,,,Acre,Brazil
1878-04-01,,,Acre,Brazil
1878-05-01,,,Acre,Brazil
1878-06-01,,,Acre,Brazil
1878-07-01,,,Acre,Brazil
1878-08-01,,,Acre,Brazil
1878-09-01,,,Acre,Brazil
1878-10-01,,,Acre,Brazil
1878-11-01,,,Acre,Brazil
1878-12-01,,,Acre,Brazil
1879-01-01,,,Acre,Brazil
1879-02-01,,,Acre,Brazil
1879-03-01,,,Acre,Brazil
1879-04-01,,,Acre,Brazil
1879-05-01,,,Acre,Brazil
1879-06-01,,,Acre,Brazil
1879-07-01,,,Acre,Brazil
1879-08-01,,,Acre,Brazil
1879-09-01,,,Acre,Brazil
1879-10-01,,,Acre,Brazil
1879-11-01,,,Acre,Brazil
1879-12-01,,,Acre,Brazil
1880-01-01,,,Acre,Brazil
1880-02-01,24.959,1.025,Acre,Brazil
1880-03-01,25.172,1.142,Acre,Brazil
1880-04-01,24.768,1.11,Acre,Brazil
1880-05-01,25.23,1.099,Acre,Brazil
1880-06-01,24.74,1.177,Acre,Brazil
1880-07-01,24.989,1.103,Acre,Brazil
1880-08-01,25.786,1.128,Acre,Brazil
1880-09-01,25.225,1.4380000000000002,Acre,Brazil
1880-10-01,25.614,1.089,Acre,Brazil
1880-11-01,25.641,1.4240000000000002,Acre,Brazil
1880-12-01,25.173000000000002,1.102,Acre,Brazil
1881-01-01,,,Acre,Brazil
1881-02-01,25.289,1.087,Acre,Brazil
1881-03-01,25.644000000000002,1.075,Acre,Brazil
1881-04-01,25.707,1.12,Acre,Brazil
1881-05-01,25.531,1.03,Acre,Brazil
1881-06-01,24.178,1.0759999999999998,Acre,Brazil
1881-07-01,24.687,1.044,Acre,Brazil
1881-08-01,25.404,1.045,Acre,Brazil
1881-09-01,26.785999999999998,1.085,Acre,Brazil
1881-10-01,26.287,1.005,Acre,Brazil
1881-11-01,25.358,1.063,Acre,Brazil
1881-12-01,26.171999999999997,1.198,Acre,Brazil
1882-01-01,26.263,1.057,Acre,Brazil
1882-02-01,25.827,1.117,Acre,Brazil
1882-03-01,25.671,1.127,Acre,Brazil
1882-04-01,24.75,1.028,Acre,Brazil
1882-05-01,25.178,1.047,Acre,Brazil
1882-06-01,23.994,1.06,Acre,Brazil
1882-07-01,24.084,1.261,Acre,Brazil
1882-08-01,25.646,1.044,Acre,Brazil
1882-09-01,26.178,1.068,Acre,Brazil
1882-10-01,25.698,1.026,Acre,Brazil
1882-11-01,25.156,1.149,Acre,Brazil
1882-12-01,24.46,1.065,Acre,Brazil
1883-01-01,25.179,1.0590000000000002,Acre,Brazil
1883-02-01,24.728,1.057,Acre,Brazil
1883-03-01,25.648000000000003,1.15,Acre,Brazil
1883-04-01,25.027,1.144,Acre,Brazil
1883-05-01,25.124000000000002,1.291,Acre,Brazil
1883-06-01,,,Acre,Brazil
1883-07-01,24.214000000000002,0.994,Acre,Brazil
1883-08-01,24.988000000000003,1.039,Acre,Brazil
1883-09-01,25.744,1.018,Acre,Brazil
1883-10-01,26.271,1.199,Acre,Brazil
1883-11-01,24.993000000000002,1.047,Acre,Brazil
1883-12-01,25.508000000000003,1.034,Acre,Brazil
1884-01-01,25.195,1.202,Acre,Brazil
1884-02-01,25.3,0.995,Acre,Brazil
1884-03-01,24.807,1.173,Acre,Brazil
1884-04-01,24.636,1.083,Acre,Brazil
1884-05-01,24.151,1.014,Acre,Brazil
1884-06-01,23.781999999999996,1.099,Acre,Brazil
1884-07-01,24.294,1.009,Acre,Brazil
1884-08-01,25.743000000000002,1.099,Acre,Brazil
1884-09-01,,,Acre,Brazil
1884-10-01,25.474,1.127,Acre,Brazil
1884-11-01,25.659000000000002,1.216,Acre,Brazil
1884-12-01,25.373,1.432,Acre,Brazil
1885-01-01,,,Acre,Brazil
1885-02-01,,,Acre,Brazil
1885-03-01,,,Acre,Brazil
1885-04-01,,,Acre,Brazil
1885-05-01,,,Acre,Brazil
1885-06-01,,,Acre,Brazil
1885-07-01,,,Acre,Brazil
1885-08-01,,,Acre,Brazil
1885-09-01,,,Acre,Brazil
1885-10-01,,,Acre,Brazil
1885-11-01,,,Acre,Brazil
1885-12-01,,,Acre,Brazil
1886-01-01,24.811,0.987,Acre,Brazil
1886-02-01,24.038,1.32,Acre,Brazil
1886-03-01,24.393,1.3030000000000002,Acre,Brazil
1886-04-01,24.795,1.229,Acre,Brazil
1886-05-01,24.500999999999998,1.0,Acre,Brazil
1886-06-01,24.118000000000002,1.189,Acre,Brazil
1886-07-01,24.54,0.968,Acre,Brazil
1886-08-01,25.284000000000002,0.968,Acre,Brazil
1886-09-01,26.299,1.213,Acre,Brazil
1886-10-01,25.944000000000003,1.124,Acre,Brazil
1886-11-01,25.434,1.0590000000000002,Acre,Brazil
1886-12-01,,,Acre,Brazil
1887-01-01,24.206,1.126,Acre,Brazil
1887-02-01,24.697,1.2,Acre,Brazil
1887-03-01,25.036,1.088,Acre,Brazil
1887-04-01,24.968000000000004,1.021,Acre,Brazil
1887-05-01,25.016,1.041,Acre,Brazil
1887-06-01,,,Acre,Brazil
1887-07-01,,,Acre,Brazil
1887-08-01,25.661,1.06,Acre,Brazil
1887-09-01,26.128,1.062,Acre,Brazil
1887-10-01,26.017,1.025,Acre,Brazil
1887-11-01,25.805,1.115,Acre,Brazil
1887-12-01,25.42,1.124,Acre,Brazil
1888-01-01,25.224,1.188,Acre,Brazil
1888-02-01,24.843000000000004,1.158,Acre,Brazil
1888-03-01,24.831,1.07,Acre,Brazil
1888-04-01,25.098000000000003,1.064,Acre,Brazil
1888-05-01,24.737,1.061,Acre,Brazil
1888-06-01,24.093000000000004,1.083,Acre,Brazil
1888-07-01,25.015,1.021,Acre,Brazil
1888-08-01,25.434,1.014,Acre,Brazil
1888-09-01,,,Acre,Brazil
1888-10-01,,,Acre,Brazil
1888-11-01,,,Acre,Brazil
1888-12-01,,,Acre,Brazil
1889-01-01,,,Acre,Brazil
1889-02-01,,,Acre,Brazil
1889-03-01,,,Acre,Brazil
1889-04-01,,,Acre,Brazil
1889-05-01,,,Acre,Brazil
1889-06-01,,,Acre,Brazil
1889-07-01,,,Acre,Brazil
1889-08-01,,,Acre,Brazil
1889-09-01,,,Acre,Brazil
1889-10-01,,,Acre,Brazil
1889-11-01,,,Acre,Brazil
1889-12-01,,,Acre,Brazil
1890-01-01,,,Acre,Brazil
1890-02-01,,,Acre,Brazil
1890-03-01,,,Acre,Brazil
1890-04-01,,,Acre,Brazil
1890-05-01,,,Acre,Brazil
1890-06-01,,,Acre,Brazil
1890-07-01,,,Acre,Brazil
1890-08-01,,,Acre,Brazil
1890-09-01,,,Acre,Brazil
1890-10-01,,,Acre,Brazil
1890-11-01,,,Acre,Brazil
1890-12-01,,,Acre,Brazil
1891-01-01,24.325,1.165,Acre,Brazil
1891-02-01,25.044,1.164,Acre,Brazil
1891-03-01,25.155,0.95,Acre,Brazil
1891-04-01,24.893,0.935,Acre,Brazil
1891-05-01,24.923,0.8690000000000001,Acre,Brazil
1891-06-01,24.464000000000002,0.889,Acre,Brazil
1891-07-01,24.441,0.878,Acre,Brazil
1891-08-01,25.483,0.888,Acre,Brazil
1891-09-01,26.211,0.872,Acre,Brazil
1891-10-01,25.734,0.972,Acre,Brazil
1891-11-01,25.467,0.8959999999999999,Acre,Brazil
1891-12-01,25.537,0.957,Acre,Brazil
1892-01-01,25.154,0.851,Acre,Brazil
1892-02-01,25.369,0.879,Acre,Brazil
1892-03-01,24.963,0.967,Acre,Brazil
1892-04-01,24.825,0.878,Acre,Brazil
1892-05-01,24.555999999999997,0.8959999999999999,Acre,Brazil
1892-06-01,24.123,0.95,Acre,Brazil
1892-07-01,24.321,0.892,Acre,Brazil
1892-08-01,24.847,0.983,Acre,Brazil
1892-09-01,26.233,0.843,Acre,Brazil
1892-10-01,26.054,1.01,Acre,Brazil
1892-11-01,25.28,0.931,Acre,Brazil
1892-12-01,25.433000000000003,1.02,Acre,Brazil
1893-01-01,24.103,0.77,Acre,Brazil
1893-02-01,24.541999999999998,0.741,Acre,Brazil
1893-03-01,24.735,1.325,Acre,Brazil
1893-04-01,25.396,0.7140000000000001,Acre,Brazil
1893-05-01,24.559,0.949,Acre,Brazil
1893-06-01,23.408,1.758,Acre,Brazil
1893-07-01,24.277,1.493,Acre,Brazil
1893-08-01,25.16,0.743,Acre,Brazil
1893-09-01,26.175,0.95,Acre,Brazil
1893-10-01,26.351999999999997,0.8540000000000001,Acre,Brazil
1893-11-01,25.739,0.713,Acre,Brazil
1893-12-01,26.117,1.3969999999999998,Acre,Brazil
1894-01-01,24.773000000000003,0.924,Acre,Brazil
1894-02-01,25.311999999999998,0.8859999999999999,Acre,Brazil
1894-03-01,25.552,0.994,Acre,Brazil
1894-04-01,24.873,0.905,Acre,Brazil
1894-05-01,24.983,0.935,Acre,Brazil
1894-06-01,23.918000000000003,1.092,Acre,Brazil
1894-07-01,24.511,0.865,Acre,Brazil
1894-08-01,25.342,0.8859999999999999,Acre,Brazil
1894-09-01,26.256999999999998,0.913,Acre,Brazil
1894-10-01,26.16,0.909,Acre,Brazil
1894-11-01,26.105,1.023,Acre,Brazil
1894-12-01,25.696,1.047,Acre,Brazil
1895-01-01,24.926,1.058,Acre,Brazil
1895-02-01,24.691999999999997,0.982,Acre,Brazil
1895-03-01,25.481,0.848,Acre,Brazil
1895-04-01,25.661,0.899,Acre,Brazil
1895-05-01,25.119,0.953,Acre,Brazil
1895-06-01,24.816,0.982,Acre,Brazil
1895-07-01,24.821,0.8740000000000001,Acre,Brazil
1895-08-01,25.898000000000003,1.007,Acre,Brazil
1895-09-01,26.659000000000002,1.093,Acre,Brazil
1895-10-01,26.476,0.8740000000000001,Acre,Brazil
1895-11-01,25.844,0.838,Acre,Brazil
1895-12-01,25.976999999999997,1.042,Acre,Brazil
1896-01-01,25.305999999999997,0.964,Acre,Brazil
1896-02-01,25.413,0.883,Acre,Brazil
1896-03-01,25.427,0.996,Acre,Brazil
1896-04-01,25.171,0.934,Acre,Brazil
1896-05-01,25.513,0.936,Acre,Brazil
1896-06-01,24.566,1.032,Acre,Brazil
1896-07-01,25.466,1.186,Acre,Brazil
1896-08-01,26.249000000000002,1.115,Acre,Brazil
1896-09-01,26.935,1.016,Acre,Brazil
1896-10-01,26.646,0.897,Acre,Brazil
1896-11-01,25.923000000000002,1.1,Acre,Brazil
1896-12-01,25.703000000000003,0.85,Acre,Brazil
1897-01-01,25.384,1.015,Acre,Brazil
1897-02-01,25.634,0.967,Acre,Brazil
1897-03-01,25.751,1.204,Acre,Brazil
1897-04-01,25.979,0.868,Acre,Brazil
1897-05-01,25.554000000000002,0.959,Acre,Brazil
1897-06-01,24.644000000000002,0.8440000000000001,Acre,Brazil
1897-07-01,24.256,1.4780000000000002,Acre,Brazil
1897-08-01,25.449,0.928,Acre,Brazil
1897-09-01,26.149,0.884,Acre,Brazil
1897-10-01,26.476,0.916,Acre,Brazil
1897-11-01,25.395,0.971,Acre,Brazil
1897-12-01,25.726,0.895,Acre,Brazil
1898-01-01,25.959,1.02,Acre,Brazil
1898-02-01,25.224,1.052,Acre,Brazil
1898-03-01,24.315,1.1740000000000002,Acre,Brazil
1898-04-01,25.382,1.019,Acre,Brazil
1898-05-01,24.88,0.8390000000000001,Acre,Brazil
1898-06-01,24.078000000000003,1.837,Acre,Brazil
1898-07-01,24.712,0.8390000000000001,Acre,Brazil
1898-08-01,25.647,1.156,Acre,Brazil
1898-09-01,25.886999999999997,0.949,Acre,Brazil
1898-10-01,25.605,1.334,Acre,Brazil
1898-11-01,25.786,0.924,Acre,Brazil
1898-12-01,24.933000000000003,1.123,Acre,Brazil
1899-01-01,25.815,1.038,Acre,Brazil
1899-02-01,24.771,0.767,Acre,Brazil
1899-03-01,25.006,0.915,Acre,Brazil
1899-04-01,25.597,0.969,Acre,Brazil
1899-05-01,24.947,0.9,Acre,Brazil
1899-06-01,24.644000000000002,0.8590000000000001,Acre,Brazil
1899-07-01,24.269000000000002,1.127,Acre,Brazil
1899-08-01,25.634,0.962,Acre,Brazil
1899-09-01,26.241,1.053,Acre,Brazil
1899-10-01,26.014,1.518,Acre,Brazil
1899-11-01,26.611,0.878,Acre,Brazil
1899-12-01,25.495,0.969,Acre,Brazil
1900-01-01,25.732,1.08,Acre,Brazil
1900-02-01,26.05,1.08,Acre,Brazil
1900-03-01,26.574,0.894,Acre,Brazil
1900-04-01,25.947,1.192,Acre,Brazil
1900-05-01,25.557,0.856,Acre,Brazil
1900-06-01,24.906999999999996,1.14,Acre,Brazil
1900-07-01,24.663,0.726,Acre,Brazil
1900-08-01,25.641,0.8240000000000001,Acre,Brazil
1900-09-01,26.379,0.8059999999999999,Acre,Brazil
1900-10-01,26.886999999999997,0.809,Acre,Brazil
1900-11-01,26.476999999999997,0.916,Acre,Brazil
1900-12-01,26.433000000000003,1.236,Acre,Brazil
1901-01-01,25.893,0.768,Acre,Brazil
1901-02-01,26.055999999999997,1.098,Acre,Brazil
1901-03-01,25.966,0.812,Acre,Brazil
1901-04-01,25.729,1.07,Acre,Brazil
1901-05-01,25.46,1.582,Acre,Brazil
1901-06-01,24.88,0.889,Acre,Brazil
1901-07-01,25.037,0.654,Acre,Brazil
1901-08-01,26.3,1.096,Acre,Brazil
1901-09-01,26.623,0.816,Acre,Brazil
1901-10-01,26.38,0.795,Acre,Brazil
1901-11-01,25.737,0.606,Acre,Brazil
1901-12-01,25.299,0.679,Acre,Brazil
1902-01-01,25.36,0.7879999999999999,Acre,Brazil
1902-02-01,24.837,0.69,Acre,Brazil
1902-03-01,25.051,0.946,Acre,Brazil
1902-04-01,25.141,1.117,Acre,Brazil
1902-05-01,25.627,1.153,Acre,Brazil
1902-06-01,25.014,1.053,Acre,Brazil
1902-07-01,25.516,0.835,Acre,Brazil
1902-08-01,26.121,0.915,Acre,Brazil
1902-09-01,26.621,1.084,Acre,Brazil
1902-10-01,26.337,0.8340000000000001,Acre,Brazil
1902-11-01,26.433000000000003,1.032,Acre,Brazil
1902-12-01,25.786,1.145,Acre,Brazil
1903-01-01,26.236,0.938,Acre,Brazil
1903-02-01,26.761999999999997,1.245,Acre,Brazil
1903-03-01,25.877,0.6920000000000001,Acre,Brazil
1903-04-01,25.165,0.809,Acre,Brazil
1903-05-01,24.686,0.934,Acre,Brazil
1903-06-01,24.298000000000002,0.708,Acre,Brazil
1903-07-01,24.57,1.101,Acre,Brazil
1903-08-01,25.082,0.68,Acre,Brazil
1903-09-01,25.781999999999996,1.65,Acre,Brazil
1903-10-01,25.975,0.74,Acre,Brazil
1903-11-01,25.398000000000003,0.5489999999999999,Acre,Brazil
1903-12-01,24.777,0.789,Acre,Brazil
1904-01-01,25.116,1.4469999999999998,Acre,Brazil
1904-02-01,25.041999999999998,1.204,Acre,Brazil
1904-03-01,25.226,1.185,Acre,Brazil
1904-04-01,24.906,0.858,Acre,Brazil
1904-05-01,24.895,1.601,Acre,Brazil
1904-06-01,25.041,1.361,Acre,Brazil
1904-07-01,24.528000000000002,1.165,Acre,Brazil
1904-08-01,25.91,1.43,Acre,Brazil
1904-09-01,26.233,1.088,Acre,Brazil
1904-10-01,26.104,0.943,Acre,Brazil
1904-11-01,26.118000000000002,0.894,Acre,Brazil
1904-12-01,25.784000000000002,0.853,Acre,Brazil
1905-01-01,25.745,1.048,Acre,Brazil
1905-02-01,25.711,1.295,Acre,Brazil
1905-03-01,25.324,0.984,Acre,Brazil
1905-04-01,25.555,0.8140000000000001,Acre,Brazil
1905-05-01,25.861,1.454,Acre,Brazil
1905-06-01,25.659000000000002,1.773,Acre,Brazil
1905-07-01,25.522,1.744,Acre,Brazil
1905-08-01,25.869,1.168,Acre,Brazil
1905-09-01,26.421,0.989,Acre,Brazil
1905-10-01,26.647,0.906,Acre,Brazil
1905-11-01,26.571,0.63,Acre,Brazil
1905-12-01,25.654,0.619,Acre,Brazil
1906-01-01,25.666999999999998,0.7,Acre,Brazil
1906-02-01,25.586,0.952,Acre,Brazil
1906-03-01,25.593000000000004,0.675,Acre,Brazil
1906-04-01,25.911,0.782,Acre,Brazil
1906-05-01,25.493000000000002,0.7559999999999999,Acre,Brazil
1906-06-01,24.294,0.883,Acre,Brazil
1906-07-01,24.601999999999997,0.708,Acre,Brazil
1906-08-01,25.668000000000003,0.77,Acre,Brazil
1906-09-01,26.348000000000003,0.83,Acre,Brazil
1906-10-01,26.033,0.913,Acre,Brazil
1906-11-01,26.006,1.034,Acre,Brazil
1906-12-01,25.011999999999997,0.6759999999999999,Acre,Brazil
1907-01-01,25.228,0.7040000000000001,Acre,Brazil
1907-02-01,24.898000000000003,1.347,Acre,Brazil
1907-03-01,25.803,0.589,Acre,Brazil
1907-04-01,25.179000000000002,0.758,Acre,Brazil
1907-05-01,25.105,0.624,Acre,Brazil
1907-06-01,24.188000000000002,0.638,Acre,Brazil
1907-07-01,24.208000000000002,0.672,Acre,Brazil
1907-08-01,25.507,0.932,Acre,Brazil
1907-09-01,26.384,0.7240000000000001,Acre,Brazil
1907-10-01,26.121,0.7,Acre,Brazil
1907-11-01,25.774,1.079,Acre,Brazil
1907-12-01,25.251,1.104,Acre,Brazil
1908-01-01,25.576999999999998,0.6759999999999999,Acre,Brazil
1908-02-01,25.051,0.75,Acre,Brazil
1908-03-01,25.41,0.998,Acre,Brazil
1908-04-01,25.285,1.023,Acre,Brazil
1908-05-01,24.868000000000002,1.571,Acre,Brazil
1908-06-01,24.666,1.3090000000000002,Acre,Brazil
1908-07-01,24.501,0.645,Acre,Brazil
1908-08-01,24.917,0.745,Acre,Brazil
1908-09-01,26.104,0.6779999999999999,Acre,Brazil
1908-10-01,25.249000000000002,0.942,Acre,Brazil
1908-11-01,25.267,0.716,Acre,Brazil
1908-12-01,25.333000000000002,0.69,Acre,Brazil
1909-01-01,25.094,0.994,Acre,Brazil
1909-02-01,24.872,0.628,Acre,Brazil
1909-03-01,25.685,0.862,Acre,Brazil
1909-04-01,25.222,0.939,Acre,Brazil
1909-05-01,23.956999999999997,1.505,Acre,Brazil
1909-06-01,24.038,0.7879999999999999,Acre,Brazil
1909-07-01,24.323,0.601,Acre,Brazil
1909-08-01,24.993000000000002,0.655,Acre,Brazil
1909-09-01,26.682,0.597,Acre,Brazil
1909-10-01,26.339000000000002,1.121,Acre,Brazil
1909-11-01,26.188000000000002,1.077,Acre,Brazil
1909-12-01,25.545,0.979,Acre,Brazil
1910-01-01,25.209,1.329,Acre,Brazil
1910-02-01,25.34,1.105,Acre,Brazil
1910-03-01,25.173000000000002,1.307,Acre,Brazil
1910-04-01,25.09,1.012,Acre,Brazil
1910-05-01,24.803,0.5429999999999999,Acre,Brazil
1910-06-01,24.335,1.002,Acre,Brazil
1910-07-01,24.359,0.618,Acre,Brazil
1910-08-01,25.072,0.74,Acre,Brazil
1910-09-01,25.923000000000002,1.046,Acre,Brazil
1910-10-01,25.339000000000002,0.625,Acre,Brazil
1910-11-01,25.749000000000002,1.0490000000000002,Acre,Brazil
1910-12-01,25.091,0.887,Acre,Brazil
1911-01-01,25.197,0.912,Acre,Brazil
1911-02-01,25.565,0.816,Acre,Brazil
1911-03-01,24.937,0.545,Acre,Brazil
1911-04-01,25.039,1.007,Acre,Brazil
1911-05-01,24.695999999999998,0.706,Acre,Brazil
1911-06-01,24.445,0.669,Acre,Brazil
1911-07-01,24.599,0.73,Acre,Brazil
1911-08-01,25.56,0.536,Acre,Brazil
1911-09-01,26.508000000000003,0.649,Acre,Brazil
1911-10-01,26.526999999999997,0.478,Acre,Brazil
1911-11-01,26.251,0.563,Acre,Brazil
1911-12-01,26.334,0.78,Acre,Brazil
1912-01-01,26.391,1.265,Acre,Brazil
1912-02-01,26.166999999999998,0.775,Acre,Brazil
1912-03-01,26.08,0.774,Acre,Brazil
1912-04-01,26.243000000000002,0.482,Acre,Brazil
1912-05-01,25.611,0.912,Acre,Brazil
1912-06-01,24.734,0.687,Acre,Brazil
1912-07-01,24.326,0.524,Acre,Brazil
1912-08-01,25.42,0.8140000000000001,Acre,Brazil
1912-09-01,26.44,0.5660000000000001,Acre,Brazil
1912-10-01,26.413,1.157,Acre,Brazil
1912-11-01,25.418000000000003,0.741,Acre,Brazil
1912-12-01,25.311,0.569,Acre,Brazil
1913-01-01,25.429,0.544,Acre,Brazil
1913-02-01,24.938000000000002,0.713,Acre,Brazil
1913-03-01,25.612,0.72,Acre,Brazil
1913-04-01,25.242,0.679,Acre,Brazil
1913-05-01,24.963,0.952,Acre,Brazil
1913-06-01,24.708000000000002,0.799,Acre,Brazil
1913-07-01,24.963,0.873,Acre,Brazil
1913-08-01,25.957,1.4280000000000002,Acre,Brazil
1913-09-01,26.528000000000002,1.29,Acre,Brazil
1913-10-01,26.834,1.388,Acre,Brazil
1913-11-01,26.562,0.632,Acre,Brazil
1913-12-01,25.97,1.143,Acre,Brazil
1914-01-01,25.954,0.846,Acre,Brazil
1914-02-01,26.171,1.505,Acre,Brazil
1914-03-01,25.858,1.514,Acre,Brazil
1914-04-01,25.402,0.8059999999999999,Acre,Brazil
1914-05-01,25.430999999999997,0.957,Acre,Brazil
1914-06-01,24.761999999999997,0.672,Acre,Brazil
1914-07-01,25.12,0.679,Acre,Brazil
1914-08-01,25.73,0.529,Acre,Brazil
1914-09-01,26.564,0.499,Acre,Brazil
1914-10-01,26.348000000000003,0.8490000000000001,Acre,Brazil
1914-11-01,26.162,0.625,Acre,Brazil
1914-12-01,26.526,0.797,Acre,Brazil
1915-01-01,26.421,0.997,Acre,Brazil
1915-02-01,26.375999999999998,0.703,Acre,Brazil
1915-03-01,26.581,1.318,Acre,Brazil
1915-04-01,26.469,0.639,Acre,Brazil
1915-05-01,26.241,0.818,Acre,Brazil
1915-06-01,24.6,0.6629999999999999,Acre,Brazil
1915-07-01,25.382,1.339,Acre,Brazil
1915-08-01,26.247,0.742,Acre,Brazil
1915-09-01,26.759,0.757,Acre,Brazil
1915-10-01,26.588,0.5670000000000001,Acre,Brazil
1915-11-01,25.629,0.742,Acre,Brazil
1915-12-01,25.626,0.5660000000000001,Acre,Brazil
1916-01-01,25.162,0.878,Acre,Brazil
1916-02-01,25.250999999999998,0.8590000000000001,Acre,Brazil
1916-03-01,25.444000000000003,0.652,Acre,Brazil
1916-04-01,25.489,1.205,Acre,Brazil
1916-05-01,25.278000000000002,0.6509999999999999,Acre,Brazil
1916-06-01,24.002,1.138,Acre,Brazil
1916-07-01,24.027,0.993,Acre,Brazil
1916-08-01,24.872,0.927,Acre,Brazil
1916-09-01,26.671999999999997,0.531,Acre,Brazil
1916-10-01,25.771,0.7020000000000001,Acre,Brazil
1916-11-01,24.665,0.8220000000000001,Acre,Brazil
1916-12-01,25.16,1.007,Acre,Brazil
1917-01-01,24.901999999999997,0.933,Acre,Brazil
1917-02-01,24.553,1.287,Acre,Brazil
1917-03-01,25.398000000000003,0.71,Acre,Brazil
1917-04-01,25.025,1.023,Acre,Brazil
1917-05-01,24.537,1.099,Acre,Brazil
1917-06-01,24.693,1.426,Acre,Brazil
1917-07-01,24.41,0.667,Acre,Brazil
1917-08-01,25.12,0.889,Acre,Brazil
1917-09-01,25.622,1.033,Acre,Brazil
1917-10-01,25.180999999999997,0.617,Acre,Brazil
1917-11-01,25.611,0.847,Acre,Brazil
1917-12-01,24.332,0.584,Acre,Brazil
1918-01-01,24.223000000000003,0.573,Acre,Brazil
1918-02-01,24.663,1.286,Acre,Brazil
1918-03-01,24.882,0.7120000000000001,Acre,Brazil
1918-04-01,25.038,0.461,Acre,Brazil
1918-05-01,25.27,0.562,Acre,Brazil
1918-06-01,25.426,1.707,Acre,Brazil
1918-07-01,24.717,1.7919999999999998,Acre,Brazil
1918-08-01,26.239,1.45,Acre,Brazil
1918-09-01,26.494,0.58,Acre,Brazil
1918-10-01,26.122,0.608,Acre,Brazil
1918-11-01,26.104,0.857,Acre,Brazil
1918-12-01,26.191,0.597,Acre,Brazil
1919-01-01,26.625,0.735,Acre,Brazil
1919-02-01,27.031999999999996,0.728,Acre,Brazil
1919-03-01,26.094,0.789,Acre,Brazil
1919-04-01,26.166,0.928,Acre,Brazil
1919-05-01,25.837,1.118,Acre,Brazil
1919-06-01,25.048000000000002,0.509,Acre,Brazil
1919-07-01,24.716,0.467,Acre,Brazil
1919-08-01,25.392,0.508,Acre,Brazil
1919-09-01,26.789,0.4320000000000001,Acre,Brazil
1919-10-01,26.305999999999997,0.482,Acre,Brazil
1919-11-01,25.81,0.711,Acre,Brazil
1919-12-01,25.391,0.6890000000000001,Acre,Brazil
1920-01-01,25.858,0.738,Acre,Brazil
1920-02-01,26.04,0.772,Acre,Brazil
1920-03-01,25.659000000000002,0.94,Acre,Brazil
1920-04-01,25.794,0.6709999999999999,Acre,Brazil
1920-05-01,25.129,0.5920000000000001,Acre,Brazil
1920-06-01,24.287,0.5760000000000001,Acre,Brazil
1920-07-01,24.16,0.861,Acre,Brazil
1920-08-01,25.356,0.461,Acre,Brazil
1920-09-01,26.28,0.464,Acre,Brazil
1920-10-01,26.285999999999998,0.7659999999999999,Acre,Brazil
1920-11-01,25.953000000000003,0.736,Acre,Brazil
1920-12-01,25.341,0.626,Acre,Brazil
1921-01-01,25.471999999999998,0.583,Acre,Brazil
1921-02-01,25.203000000000003,0.471,Acre,Brazil
1921-03-01,25.353,0.502,Acre,Brazil
1921-04-01,25.308000000000003,0.626,Acre,Brazil
1921-05-01,25.396,0.482,Acre,Brazil
1921-06-01,23.818,1.44,Acre,Brazil
1921-07-01,23.49,1.4469999999999998,Acre,Brazil
1921-08-01,25.324,0.5870000000000001,Acre,Brazil
1921-09-01,26.11,0.98,Acre,Brazil
1921-10-01,25.855,0.901,Acre,Brazil
1921-11-01,26.004,0.601,Acre,Brazil
1921-12-01,26.103,0.731,Acre,Brazil
1922-01-01,26.116999999999997,0.726,Acre,Brazil
1922-02-01,25.798000000000002,0.643,Acre,Brazil
1922-03-01,25.73,0.539,Acre,Brazil
1922-04-01,25.829,0.903,Acre,Brazil
1922-05-01,25.09,0.56,Acre,Brazil
1922-06-01,24.519000000000002,0.69,Acre,Brazil
1922-07-01,24.035,0.8079999999999999,Acre,Brazil
1922-08-01,25.351999999999997,0.82,Acre,Brazil
1922-09-01,26.568,0.574,Acre,Brazil
1922-10-01,25.904,0.962,Acre,Brazil
1922-11-01,25.543000000000003,0.6609999999999999,Acre,Brazil
1922-12-01,25.266,0.611,Acre,Brazil
1923-01-01,25.397,0.7240000000000001,Acre,Brazil
1923-02-01,25.649,0.594,Acre,Brazil
1923-03-01,25.546,0.6659999999999999,Acre,Brazil
1923-04-01,25.201,0.6990000000000001,Acre,Brazil
1923-05-01,25.221,0.624,Acre,Brazil
1923-06-01,24.495,0.5,Acre,Brazil
1923-07-01,24.22,0.583,Acre,Brazil
1923-08-01,25.273000000000003,0.695,Acre,Brazil
1923-09-01,26.983,0.77,Acre,Brazil
1923-10-01,26.291,0.8220000000000001,Acre,Brazil
1923-11-01,26.081,0.705,Acre,Brazil
1923-12-01,25.673000000000002,0.583,Acre,Brazil
1924-01-01,26.816999999999997,0.779,Acre,Brazil
1924-02-01,25.962,0.6409999999999999,Acre,Brazil
1924-03-01,26.383000000000003,0.74,Acre,Brazil
1924-04-01,25.902,0.55,Acre,Brazil
1924-05-01,25.478,0.505,Acre,Brazil
1924-06-01,24.581,0.597,Acre,Brazil
1924-07-01,24.326,0.6940000000000001,Acre,Brazil
1924-08-01,25.204,0.677,Acre,Brazil
1924-09-01,25.81,0.556,Acre,Brazil
1924-10-01,25.318,0.627,Acre,Brazil
1924-11-01,25.892,0.895,Acre,Brazil
1924-12-01,25.278000000000002,0.539,Acre,Brazil
1925-01-01,25.057,0.5429999999999999,Acre,Brazil
1925-02-01,24.816999999999997,0.784,Acre,Brazil
1925-03-01,25.02,0.625,Acre,Brazil
1925-04-01,25.574,0.537,Acre,Brazil
1925-05-01,25.863000000000003,0.528,Acre,Brazil
1925-06-01,24.424,0.5579999999999999,Acre,Brazil
1925-07-01,24.353,0.723,Acre,Brazil
1925-08-01,25.873,0.586,Acre,Brazil
1925-09-01,26.674,0.883,Acre,Brazil
1925-10-01,26.851,0.5329999999999999,Acre,Brazil
1925-11-01,26.504,0.7979999999999999,Acre,Brazil
1925-12-01,26.296999999999997,0.516,Acre,Brazil
1926-01-01,26.43,0.6409999999999999,Acre,Brazil
1926-02-01,26.3,0.657,Acre,Brazil
1926-03-01,26.411,0.6679999999999999,Acre,Brazil
1926-04-01,26.315,0.67,Acre,Brazil
1926-05-01,25.518,0.623,Acre,Brazil
1926-06-01,25.191,0.647,Acre,Brazil
1926-07-01,24.809,0.809,Acre,Brazil
1926-08-01,26.068,0.6,Acre,Brazil
1926-09-01,26.765,0.7290000000000001,Acre,Brazil
1926-10-01,26.866,0.691,Acre,Brazil
1926-11-01,26.896,0.7140000000000001,Acre,Brazil
1926-12-01,26.135,0.647,Acre,Brazil
1927-01-01,25.767,0.637,Acre,Brazil
1927-02-01,25.651,0.5489999999999999,Acre,Brazil
1927-03-01,25.469,0.6679999999999999,Acre,Brazil
1927-04-01,25.574,0.526,Acre,Brazil
1927-05-01,25.105999999999998,0.528,Acre,Brazil
1927-06-01,24.517,0.687,Acre,Brazil
1927-07-01,23.886,1.495,Acre,Brazil
1927-08-01,25.664,0.6629999999999999,Acre,Brazil
1927-09-01,26.58,0.906,Acre,Brazil
1927-10-01,26.776,0.713,Acre,Brazil
1927-11-01,26.882,0.6990000000000001,Acre,Brazil
1927-12-01,26.303,0.507,Acre,Brazil
1928-01-01,26.408,0.605,Acre,Brazil
1928-02-01,26.375,0.914,Acre,Brazil
1928-03-01,25.9,0.629,Acre,Brazil
1928-04-01,25.609,0.551,Acre,Brazil
1928-05-01,25.784000000000002,0.92,Acre,Brazil
1928-06-01,25.195,0.66,Acre,Brazil
1928-07-01,24.851,0.721,Acre,Brazil
1928-08-01,25.702,0.733,Acre,Brazil
1928-09-01,26.421999999999997,0.693,Acre,Brazil
1928-10-01,26.256999999999998,0.56,Acre,Brazil
1928-11-01,26.691999999999997,0.728,Acre,Brazil
1928-12-01,25.959,0.669,Acre,Brazil
1929-01-01,25.968000000000004,0.662,Acre,Brazil
1929-02-01,25.723000000000003,0.461,Acre,Brazil
1929-03-01,25.976,0.7609999999999999,Acre,Brazil
1929-04-01,25.749000000000002,0.736,Acre,Brazil
1929-05-01,25.198,0.764,Acre,Brazil
1929-06-01,24.589000000000002,0.5489999999999999,Acre,Brazil
1929-07-01,24.361,0.8340000000000001,Acre,Brazil
1929-08-01,25.531,0.654,Acre,Brazil
1929-09-01,26.013,0.597,Acre,Brazil
1929-10-01,25.748,0.633,Acre,Brazil
1929-11-01,26.038,0.6809999999999999,Acre,Brazil
1929-12-01,25.426,0.462,Acre,Brazil
1930-01-01,25.583,0.544,Acre,Brazil
1930-02-01,25.886999999999997,0.725,Acre,Brazil
1930-03-01,25.871,0.775,Acre,Brazil
1930-04-01,25.414,0.3670000000000001,Acre,Brazil
1930-05-01,25.066,0.467,Acre,Brazil
1930-06-01,24.726999999999997,0.513,Acre,Brazil
1930-07-01,24.514,0.58,Acre,Brazil
1930-08-01,25.632,0.471,Acre,Brazil
1930-09-01,25.99,0.89,Acre,Brazil
1930-10-01,26.629,0.649,Acre,Brazil
1930-11-01,26.418000000000003,0.479,Acre,Brazil
1930-12-01,26.666,0.57,Acre,Brazil
1931-01-01,26.178,0.7509999999999999,Acre,Brazil
1931-02-01,26.623,0.52,Acre,Brazil
1931-03-01,26.365,0.397,Acre,Brazil
1931-04-01,26.076,0.434,Acre,Brazil
1931-05-01,24.406999999999996,1.469,Acre,Brazil
1931-06-01,23.809,1.795,Acre,Brazil
1931-07-01,24.546,1.197,Acre,Brazil
1931-08-01,25.16,1.351,Acre,Brazil
1931-09-01,26.4,0.615,Acre,Brazil
1931-10-01,26.383000000000003,0.423,Acre,Brazil
1931-11-01,26.142,0.5379999999999999,Acre,Brazil
1931-12-01,25.76,0.439,Acre,Brazil
1932-01-01,25.824,0.468,Acre,Brazil
1932-02-01,25.86,0.485,Acre,Brazil
1932-03-01,25.584,0.378,Acre,Brazil
1932-04-01,25.976999999999997,0.598,Acre,Brazil
1932-05-01,25.223000000000003,0.665,Acre,Brazil
1932-06-01,24.293000000000003,0.767,Acre,Brazil
1932-07-01,24.826,1.071,Acre,Brazil
1932-08-01,25.524,0.499,Acre,Brazil
1932-09-01,26.033,0.735,Acre,Brazil
1932-10-01,26.266,0.349,Acre,Brazil
1932-11-01,26.515,0.362,Acre,Brazil
1932-12-01,26.089000000000002,0.363,Acre,Brazil
1933-01-01,26.259,0.478,Acre,Brazil
1933-02-01,26.147,0.601,Acre,Brazil
1933-03-01,26.202,0.496,Acre,Brazil
1933-04-01,26.253,0.325,Acre,Brazil
1933-05-01,25.638,0.399,Acre,Brazil
1933-06-01,24.599,0.493,Acre,Brazil
1933-07-01,24.23,0.462,Acre,Brazil
1933-08-01,25.448,0.625,Acre,Brazil
1933-09-01,26.999000000000002,0.546,Acre,Brazil
1933-10-01,26.0,0.389,Acre,Brazil
1933-11-01,26.077,0.5479999999999999,Acre,Brazil
1933-12-01,26.061,0.6709999999999999,Acre,Brazil
1934-01-01,25.234,0.444,Acre,Brazil
1934-02-01,25.214000000000002,0.733,Acre,Brazil
1934-03-01,25.467,0.336,Acre,Brazil
1934-04-01,25.244,0.6509999999999999,Acre,Brazil
1934-05-01,25.256,0.525,Acre,Brazil
1934-06-01,25.203000000000003,0.4270000000000001,Acre,Brazil
1934-07-01,24.847,0.701,Acre,Brazil
1934-08-01,26.069000000000003,1.625,Acre,Brazil
1934-09-01,26.160999999999998,0.596,Acre,Brazil
1934-10-01,26.267,0.596,Acre,Brazil
1934-11-01,26.292,0.474,Acre,Brazil
1934-12-01,26.022,0.581,Acre,Brazil
1935-01-01,26.21,0.253,Acre,Brazil
1935-02-01,26.278000000000002,0.447,Acre,Brazil
1935-03-01,26.315,0.316,Acre,Brazil
1935-04-01,25.257,0.487,Acre,Brazil
1935-05-01,24.714000000000002,0.457,Acre,Brazil
1935-06-01,24.846999999999998,0.654,Acre,Brazil
1935-07-01,24.499000000000002,0.482,Acre,Brazil
1935-08-01,25.031,0.501,Acre,Brazil
1935-09-01,25.721,0.434,Acre,Brazil
1935-10-01,26.58,0.495,Acre,Brazil
1935-11-01,26.412,0.429,Acre,Brazil
1935-12-01,26.283,0.398,Acre,Brazil
1936-01-01,25.65,0.8270000000000001,Acre,Brazil
1936-02-01,26.544,0.393,Acre,Brazil
1936-03-01,26.242,0.5539999999999999,Acre,Brazil
1936-04-01,25.873,0.297,Acre,Brazil
1936-05-01,26.191,0.513,Acre,Brazil
1936-06-01,24.839000000000002,0.388,Acre,Brazil
1936-07-01,24.488000000000003,0.459,Acre,Brazil
1936-08-01,25.055,1.025,Acre,Brazil
1936-09-01,26.419,0.336,Acre,Brazil
1936-10-01,26.89,0.48,Acre,Brazil
1936-11-01,26.835,0.523,Acre,Brazil
1936-12-01,26.316999999999997,0.298,Acre,Brazil
1937-01-01,26.329,0.34600000000000003,Acre,Brazil
1937-02-01,26.44,0.35700000000000004,Acre,Brazil
1937-03-01,26.489,0.411,Acre,Brazil
1937-04-01,25.825,0.33,Acre,Brazil
1937-05-01,25.183000000000003,0.511,Acre,Brazil
1937-06-01,25.285999999999998,0.433,Acre,Brazil
1937-07-01,25.803,1.527,Acre,Brazil
1937-08-01,26.439,0.35,Acre,Brazil
1937-09-01,27.235,0.922,Acre,Brazil
1937-10-01,26.281999999999996,0.462,Acre,Brazil
1937-11-01,27.684,1.505,Acre,Brazil
1937-12-01,26.56,0.252,Acre,Brazil
1938-01-01,26.199,0.561,Acre,Brazil
1938-02-01,26.432,0.8029999999999999,Acre,Brazil
1938-03-01,25.896,0.885,Acre,Brazil
1938-04-01,25.625,0.965,Acre,Brazil
1938-05-01,25.340999999999998,0.598,Acre,Brazil
1938-06-01,25.046,0.364,Acre,Brazil
1938-07-01,24.82,0.429,Acre,Brazil
